Modelos,Mediana,Std
Modelo 1,0.04819047619047619,0.003487977407403583
Modelo 2,0.03266666666666666,0.0036963240917678216
Modelo 3,0.06247619047619048,0.01186042218946997
