Modelos,Mediana,Std
Modelo 1,0.0451,0.00386499964064969
Modelo 2,0.0335,0.0019744197459844594
Modelo 3,0.05205,0.0068400860943249675
