Modelos,Mediana,Std
Modelo 1,0.8997,1.1702778228589004e-16
Modelo 2,0.8997,1.1702778228589004e-16
Modelo 3,0.8997,1.1702778228589004e-16
